GEOID,NAME,coms_color,low_inc,child_pov,no_ba,renters
48021950101,Census Tract 9501.01; Bastrop County; Texas,55.7,49.1,12.2,76.3,16.1
48021950102,Census Tract 9501.02; Bastrop County; Texas,47.6,65.5,23.1,72,7.4
48021950201,Census Tract 9502.01; Bastrop County; Texas,74.5,74,20.7,82.4,39
48021950202,Census Tract 9502.02; Bastrop County; Texas,65.1,55.1,0.9,74.9,32.7
48021950301,Census Tract 9503.01; Bastrop County; Texas,37.2,43.9,43.9,61,12.5
48021950302,Census Tract 9503.02; Bastrop County; Texas,51.7,49.6,22.9,70.9,40.5
48021950303,Census Tract 9503.03; Bastrop County; Texas,60.9,53.9,0,78.9,25.9
48021950401,Census Tract 9504.01; Bastrop County; Texas,39.6,61.8,0,71.7,58.8
48021950402,Census Tract 9504.02; Bastrop County; Texas,32.7,48.6,14.5,47.5,14.7
48021950403,Census Tract 9504.03; Bastrop County; Texas,49.2,51.4,18.2,77.1,26.9
48021950503,Census Tract 9505.03; Bastrop County; Texas,33.9,64.5,11.8,68.6,5.4
48021950504,Census Tract 9505.04; Bastrop County; Texas,29.6,49.1,22.7,75,17.5
48021950505,Census Tract 9505.05; Bastrop County; Texas,70.5,64.6,26.2,82.1,25.1
48021950506,Census Tract 9505.06; Bastrop County; Texas,57.9,57.5,9.6,91,14.4
48021950601,Census Tract 9506.01; Bastrop County; Texas,29.8,58.4,32.3,78.8,18.7
48021950602,Census Tract 9506.02; Bastrop County; Texas,35.5,56.3,0,75.2,15.1
48021950700,Census Tract 9507; Bastrop County; Texas,35.2,66.8,22.1,78.2,38.9
48021950803,Census Tract 9508.03; Bastrop County; Texas,93.4,67.5,38.9,94,20.7
48021950804,Census Tract 9508.04; Bastrop County; Texas,73,59.9,34.1,78.8,24.4
48021950805,Census Tract 9508.05; Bastrop County; Texas,87,61.7,41,89,12.3
48021950806,Census Tract 9508.06; Bastrop County; Texas,33.2,68.7,0,89.1,11
48055960102,Census Tract 9601.02; Caldwell County; Texas,56.3,65,11.9,80.2,10.1
48055960103,Census Tract 9601.03; Caldwell County; Texas,86.7,70.5,22.7,88.3,15
48055960104,Census Tract 9601.04; Caldwell County; Texas,74.5,49.1,4.4,88.2,17.3
48055960200,Census Tract 9602; Caldwell County; Texas,59.2,75.6,15.8,89.5,38.1
48055960300,Census Tract 9603; Caldwell County; Texas,53.5,60,21.5,69.5,29.7
48055960400,Census Tract 9604; Caldwell County; Texas,71.7,71.5,15.2,86.3,41.4
48055960501,Census Tract 9605.01; Caldwell County; Texas,68.1,76.3,41.3,78,49.8
48055960502,Census Tract 9605.02; Caldwell County; Texas,59.9,60.1,20.4,83.8,6.5
48055960600,Census Tract 9606; Caldwell County; Texas,32,48,15.5,76.3,11.4
48055960701,Census Tract 9607.01; Caldwell County; Texas,77,87.9,3.4,95,36.8
48055960702,Census Tract 9607.02; Caldwell County; Texas,50.7,81.1,13.9,84,31.5
48209010100,Census Tract 101; Hays County; Texas,33.1,81.2,4.8,39.4,72.1
48209010200,Census Tract 102; Hays County; Texas,55.8,81.2,0,28.3,77.8
48209010302,Census Tract 103.02; Hays County; Texas,69.2,87.4,62,56.8,69.2
48209010305,Census Tract 103.05; Hays County; Texas,55.9,88.6,40.7,69.6,95.2
48209010306,Census Tract 103.06; Hays County; Texas,76.9,85,25.1,83.5,63.2
48209010307,Census Tract 103.07; Hays County; Texas,60.6,95.4,5.8,70.7,94.4
48209010308,Census Tract 103.08; Hays County; Texas,67.1,84,30.8,66.8,88.2
48209010309,Census Tract 103.09; Hays County; Texas,69.6,90.5,48.6,80.3,90.7
48209010401,Census Tract 104.01; Hays County; Texas,63.7,86.9,14.7,78.2,49.4
48209010402,Census Tract 104.02; Hays County; Texas,59.2,74.9,0,69.3,60.3
48209010500,Census Tract 105; Hays County; Texas,56.7,82.1,25.2,68.2,84.7
48209010601,Census Tract 106.01; Hays County; Texas,51.2,78.7,17.2,60.9,64.9
48209010602,Census Tract 106.02; Hays County; Texas,22.1,66.5,17.5,61.6,35
48209010603,Census Tract 106.03; Hays County; Texas,39.4,48,0,50.4,12.8
48209010702,Census Tract 107.02; Hays County; Texas,42,67.5,0,61.9,39
48209010703,Census Tract 107.03; Hays County; Texas,43,82.8,0,41.2,77
48209010704,Census Tract 107.04; Hays County; Texas,54,75,20.3,67.1,55.2
48209010806,Census Tract 108.06; Hays County; Texas,16.5,34.3,8.3,42.2,19.2
48209010807,Census Tract 108.07; Hays County; Texas,11.7,33.2,0,39.6,16
48209010809,Census Tract 108.09; Hays County; Texas,28.8,31.8,0.9,35.1,21.3
48209010810,Census Tract 108.10; Hays County; Texas,17,56.2,4.6,57.8,28.2
48209010811,Census Tract 108.11; Hays County; Texas,44.6,58.9,75,58.8,20.9
48209010812,Census Tract 108.12; Hays County; Texas,15.6,33.4,0,42.7,7.8
48209010813,Census Tract 108.13; Hays County; Texas,10.6,54.5,2.5,55.6,5.9
48209010814,Census Tract 108.14; Hays County; Texas,15.9,72.3,1.1,55,37.2
48209010815,Census Tract 108.15; Hays County; Texas,10.1,18.7,0,38.1,0.9
48209010816,Census Tract 108.16; Hays County; Texas,37.6,16.9,2.3,34.7,11.2
48209010817,Census Tract 108.17; Hays County; Texas,26.9,46.4,0,49.5,16.9
48209010818,Census Tract 108.18; Hays County; Texas,29.5,20.9,1.7,40.2,12.4
48209010905,Census Tract 109.05; Hays County; Texas,49.8,42.2,6.6,57.6,13.4
48209010909,Census Tract 109.09; Hays County; Texas,41.9,60.5,7.2,58.6,51.2
48209010911,Census Tract 109.11; Hays County; Texas,29.7,39.7,0,47.2,9
48209010912,Census Tract 109.12; Hays County; Texas,25.6,25.7,2.1,36.5,4.3
48209010913,Census Tract 109.13; Hays County; Texas,49.1,64.1,0,61.8,44.6
48209010914,Census Tract 109.14; Hays County; Texas,22.1,25.3,0,57,2.1
48209010915,Census Tract 109.15; Hays County; Texas,31.4,31.2,7.8,47.4,17.3
48209010916,Census Tract 109.16; Hays County; Texas,63.5,52,1.9,67.3,13.9
48209010917,Census Tract 109.17; Hays County; Texas,70.3,53.2,11.5,81.4,10.4
48209010918,Census Tract 109.18; Hays County; Texas,64.4,45.8,5.6,72.5,19.8
48209010919,Census Tract 109.19; Hays County; Texas,70.7,64.7,1.3,66.8,46
48209010920,Census Tract 109.20; Hays County; Texas,81.7,48.2,38.5,84.6,23.7
48209010921,Census Tract 109.21; Hays County; Texas,94.3,81.3,31,85.5,9.6
48209010922,Census Tract 109.22; Hays County; Texas,69.8,43.2,8.1,64,14.3
48209010923,Census Tract 109.23; Hays County; Texas,63.5,40,2.5,59.2,24.4
48209010924,Census Tract 109.24; Hays County; Texas,63.4,50.8,9.2,67.2,23
48209010925,Census Tract 109.25; Hays County; Texas,62.7,65.4,8.1,77.2,35.4
48453000101,Census Tract 1.01; Travis County; Texas,13,42.7,10.6,21.6,39.6
48453000102,Census Tract 1.02; Travis County; Texas,15.7,26.9,4.4,22.2,6.8
48453000203,Census Tract 2.03; Travis County; Texas,38.7,55.1,0,19.3,99
48453000204,Census Tract 2.04; Travis County; Texas,25.4,40.9,7.1,12.2,44
48453000205,Census Tract 2.05; Travis County; Texas,33.3,58.1,0,30.1,77.1
48453000206,Census Tract 2.06; Travis County; Texas,25.1,51.2,7.5,28.8,50.3
48453000302,Census Tract 3.02; Travis County; Texas,46.3,66.7,0,21.5,76.7
48453000304,Census Tract 3.04; Travis County; Texas,30.9,49.4,0,20.3,71.8
48453000305,Census Tract 3.05; Travis County; Texas,20.7,63.3,0,38.9,76.5
48453000307,Census Tract 3.07; Travis County; Texas,26.6,41.9,0,21.8,41.3
48453000308,Census Tract 3.08; Travis County; Texas,46.4,58.4,26.4,28.6,45.9
48453000309,Census Tract 3.09; Travis County; Texas,46,40.3,3,19.3,60.4
48453000401,Census Tract 4.01; Travis County; Texas,44.2,59.6,0,16.3,73.6
48453000402,Census Tract 4.02; Travis County; Texas,53.5,56,32.2,42.5,66.9
48453000500,Census Tract 5; Travis County; Texas,27.1,73.5,0,18.1,76.4
48453000601,Census Tract 6.01; Travis County; Texas,61,88.1,100,30.2,97.5
48453000605,Census Tract 6.05; Travis County; Texas,45.8,88,0,25.7,88.4
48453000606,Census Tract 6.06; Travis County; Texas,60.5,86.7,NA,2.8,94.7
48453000607,Census Tract 6.07; Travis County; Texas,54.4,88.7,NA,28.7,87.8
48453000608,Census Tract 6.08; Travis County; Texas,67.6,85.3,0,47.7,100
48453000700,Census Tract 7; Travis County; Texas,32.4,55.3,0,15.8,61.2
48453000801,Census Tract 8.01; Travis County; Texas,58.9,50.3,3.8,54.3,33.1
48453000802,Census Tract 8.02; Travis County; Texas,59.9,55,52,57.4,61.8
48453000803,Census Tract 8.03; Travis County; Texas,43.8,56.9,0,24,47.6
48453000804,Census Tract 8.04; Travis County; Texas,59.7,57,28.9,53.1,59.8
48453000901,Census Tract 9.01; Travis County; Texas,50.8,38.8,71.4,28.1,64.4
48453000902,Census Tract 9.02; Travis County; Texas,49.1,44.9,47.6,37.5,71.5
48453001000,Census Tract 10; Travis County; Texas,35.5,42.8,9.9,36.3,41.3
48453001101,Census Tract 11.01; Travis County; Texas,42.5,38.7,100,38,78.5
48453001102,Census Tract 11.02; Travis County; Texas,17.9,22.2,NA,15.2,49.8
48453001103,Census Tract 11.03; Travis County; Texas,37.3,23.8,0,20.2,51
48453001200,Census Tract 12; Travis County; Texas,26.1,35.9,0,13.9,59.6
48453001304,Census Tract 13.04; Travis County; Texas,27.9,40.9,0,19.2,51.3
48453001307,Census Tract 13.07; Travis County; Texas,44.9,63.5,36.6,50.3,64.9
48453001308,Census Tract 13.08; Travis County; Texas,50.6,44.9,0,33.8,63.4
48453001309,Census Tract 13.09; Travis County; Texas,18.7,17.9,0,14.6,48.7
48453001310,Census Tract 13.10; Travis County; Texas,29.1,49.9,31.2,19.4,79.2
48453001311,Census Tract 13.11; Travis County; Texas,29.9,45.4,0,19.2,82
48453001312,Census Tract 13.12; Travis County; Texas,33.4,38.4,14.4,28.8,46.9
48453001401,Census Tract 14.01; Travis County; Texas,19.8,37.2,0,20.3,59.8
48453001402,Census Tract 14.02; Travis County; Texas,37.4,57.1,0,21.1,40.9
48453001403,Census Tract 14.03; Travis County; Texas,48.5,57.3,20.7,42.9,71.4
48453001501,Census Tract 15.01; Travis County; Texas,19.6,33.1,0,20.7,15.9
48453001503,Census Tract 15.03; Travis County; Texas,52.7,50.6,2.5,31.3,74
48453001504,Census Tract 15.04; Travis County; Texas,34.1,43.1,0,25.1,57.7
48453001505,Census Tract 15.05; Travis County; Texas,26.3,45,2.9,36.9,50.2
48453001602,Census Tract 16.02; Travis County; Texas,40.2,55.8,4.2,10.2,68.3
48453001603,Census Tract 16.03; Travis County; Texas,14.9,20.1,6.9,13.7,14.4
48453001604,Census Tract 16.04; Travis County; Texas,10.3,22.8,2,9.4,9.6
48453001605,Census Tract 16.05; Travis County; Texas,11.3,43.2,0.1,22.4,50
48453001606,Census Tract 16.06; Travis County; Texas,33.3,0,NA,88,100
48453001910,Census Tract 19.10; Travis County; Texas,28.4,32.1,2.2,20.3,43.6
48453001911,Census Tract 19.11; Travis County; Texas,35.1,55.9,0,20.3,92.4
48453001912,Census Tract 19.12; Travis County; Texas,21.7,25.2,8.7,17.7,34.2
48453001913,Census Tract 19.13; Travis County; Texas,22.3,15.6,0.5,15.9,7.7
48453001914,Census Tract 19.14; Travis County; Texas,31.4,29.9,0,17.8,45.5
48453001915,Census Tract 19.15; Travis County; Texas,31.4,49.6,4.5,31.3,89.2
48453001916,Census Tract 19.16; Travis County; Texas,27.4,16.5,8.6,15,1.1
48453001917,Census Tract 19.17; Travis County; Texas,23.7,18.3,6.5,11.5,11.2
48453001918,Census Tract 19.18; Travis County; Texas,22.1,22.5,2.5,17.4,8.3
48453001919,Census Tract 19.19; Travis County; Texas,22.3,24.3,8.6,11.4,13.7
48453001920,Census Tract 19.20; Travis County; Texas,47.2,41.4,19.8,36.3,54.4
48453001921,Census Tract 19.21; Travis County; Texas,12.8,23.9,0,25.3,16.3
48453001922,Census Tract 19.22; Travis County; Texas,36.1,55.3,32.6,21.6,63.7
48453001923,Census Tract 19.23; Travis County; Texas,35.9,51,11.6,29.7,59.5
48453002002,Census Tract 20.02; Travis County; Texas,33.6,37.6,0,36.9,33
48453002003,Census Tract 20.03; Travis County; Texas,48.1,64.1,29.7,52.7,66.8
48453002004,Census Tract 20.04; Travis County; Texas,47.7,69.6,18.4,37.3,91.4
48453002006,Census Tract 20.06; Travis County; Texas,41.8,59.6,47,43.8,90
48453002007,Census Tract 20.07; Travis County; Texas,33.3,46.6,0,24.7,66.3
48453002104,Census Tract 21.04; Travis County; Texas,30.8,38.2,0,27.2,35.9
48453002105,Census Tract 21.05; Travis County; Texas,66.6,81.6,37.1,59.7,85.2
48453002106,Census Tract 21.06; Travis County; Texas,45.2,56.5,10.1,45.3,20
48453002107,Census Tract 21.07; Travis County; Texas,57.1,44.9,7.2,52.3,32
48453002108,Census Tract 21.08; Travis County; Texas,73.8,62.3,40.4,55.1,51.7
48453002109,Census Tract 21.09; Travis County; Texas,55.4,46.3,0,42.9,35
48453002110,Census Tract 21.10; Travis County; Texas,65.4,47,24.3,49.3,32.4
48453002111,Census Tract 21.11; Travis County; Texas,60.4,42,32.5,53.3,48.5
48453002112,Census Tract 21.12; Travis County; Texas,62.3,64.3,11.7,57.7,65.6
48453002113,Census Tract 21.13; Travis County; Texas,51.6,31.4,1.4,42.2,19.3
48453002201,Census Tract 22.01; Travis County; Texas,85.3,58.5,57.1,71.3,31.4
48453002211,Census Tract 22.11; Travis County; Texas,76.7,50,5.8,66.2,40.8
48453002213,Census Tract 22.13; Travis County; Texas,81.5,64.3,15.5,68.2,25.8
48453002214,Census Tract 22.14; Travis County; Texas,78.3,71.9,17.2,83.6,15.7
48453002215,Census Tract 22.15; Travis County; Texas,92.9,75.3,52,71.5,13.4
48453002216,Census Tract 22.16; Travis County; Texas,69,50.1,9.8,65.1,26.1
48453002217,Census Tract 22.17; Travis County; Texas,74.2,61.2,7.1,61.6,13.5
48453002218,Census Tract 22.18; Travis County; Texas,82.1,41,0,82.3,22.9
48453002219,Census Tract 22.19; Travis County; Texas,73,59.2,17.1,73.9,8.8
48453002220,Census Tract 22.20; Travis County; Texas,92,82.9,7.5,77.2,71
48453002221,Census Tract 22.21; Travis County; Texas,89.8,58.7,0,77.7,57
48453002222,Census Tract 22.22; Travis County; Texas,84.6,59.8,5.5,70.9,26.3
48453002304,Census Tract 23.04; Travis County; Texas,43.5,40.4,0,12.2,97
48453002307,Census Tract 23.07; Travis County; Texas,48.6,61.1,0,43.4,78.5
48453002310,Census Tract 23.10; Travis County; Texas,87.4,83.2,41.3,83,62.3
48453002313,Census Tract 23.13; Travis County; Texas,65.6,81.1,67.3,66.2,86.6
48453002314,Census Tract 23.14; Travis County; Texas,66.4,66.6,0,55.3,92.8
48453002315,Census Tract 23.15; Travis County; Texas,72.4,82.9,59,62.2,80.4
48453002316,Census Tract 23.16; Travis County; Texas,67.3,92.2,54.1,50.6,100
48453002319,Census Tract 23.19; Travis County; Texas,72.4,NA,NA,98,NA
48453002320,Census Tract 23.20; Travis County; Texas,67.2,62.8,9.1,66,63.1
48453002321,Census Tract 23.21; Travis County; Texas,68.5,60.5,56.4,53.9,52.4
48453002322,Census Tract 23.22; Travis County; Texas,66,58.8,0,58.4,98.3
48453002323,Census Tract 23.23; Travis County; Texas,54.8,53.5,72.1,31,74.4
48453002324,Census Tract 23.24; Travis County; Texas,73.2,91.7,0,100,100
48453002325,Census Tract 23.25; Travis County; Texas,78.8,63.7,75.4,66.3,44.2
48453002326,Census Tract 23.26; Travis County; Texas,61.7,74.7,0,37.4,90.5
48453002327,Census Tract 23.27; Travis County; Texas,78.1,78,66.9,43.2,91.5
48453002403,Census Tract 24.03; Travis County; Texas,43.1,51.2,47.3,46.3,52
48453002407,Census Tract 24.07; Travis County; Texas,52.9,55.7,10.7,42.1,57.2
48453002409,Census Tract 24.09; Travis County; Texas,50.9,45,4.5,42,36.1
48453002410,Census Tract 24.10; Travis County; Texas,60.3,70.9,10.7,55.4,66.8
48453002411,Census Tract 24.11; Travis County; Texas,90.3,72.2,27.2,82.3,51.1
48453002412,Census Tract 24.12; Travis County; Texas,84.5,52.8,32.6,79.4,26
48453002413,Census Tract 24.13; Travis County; Texas,83.4,86.8,53.3,80.8,80.4
48453002419,Census Tract 24.19; Travis County; Texas,81.9,96.2,33.6,71.2,99.7
48453002422,Census Tract 24.22; Travis County; Texas,53.5,54.1,6.3,54.1,49.3
48453002423,Census Tract 24.23; Travis County; Texas,50,40.2,22.6,46.3,27.4
48453002424,Census Tract 24.24; Travis County; Texas,44.4,68.5,41.7,58.3,45.1
48453002430,Census Tract 24.30; Travis County; Texas,59.7,55.1,4.3,66.5,23.5
48453002432,Census Tract 24.32; Travis County; Texas,66.7,37.3,14.8,55.6,27.4
48453002434,Census Tract 24.34; Travis County; Texas,64.8,79.4,16.4,80.1,5.9
48453002436,Census Tract 24.36; Travis County; Texas,80.9,66.8,4.1,84,20.4
48453002437,Census Tract 24.37; Travis County; Texas,54.2,47.4,2,42.8,75.7
48453002438,Census Tract 24.38; Travis County; Texas,57.3,52.3,8.8,47.8,54.8
48453002439,Census Tract 24.39; Travis County; Texas,79.4,65.9,17.1,65.2,36.3
48453002440,Census Tract 24.40; Travis County; Texas,69.8,68.7,7.1,66.7,28.6
48453002441,Census Tract 24.41; Travis County; Texas,81.8,75.4,10.1,64.1,60.5
48453002442,Census Tract 24.42; Travis County; Texas,82.4,60.9,41.4,86.2,14.5
48453002443,Census Tract 24.43; Travis County; Texas,61.4,71.1,0,43.8,91.1
48453002444,Census Tract 24.44; Travis County; Texas,47.6,63.5,8.1,52.3,41.8
48453002445,Census Tract 24.45; Travis County; Texas,58,56,14.7,55.6,34.5
48453002446,Census Tract 24.46; Travis County; Texas,41.3,45.6,0,45.2,11.8
48453002447,Census Tract 24.47; Travis County; Texas,83,54.2,26.5,68.6,26.4
48453002448,Census Tract 24.48; Travis County; Texas,81,39.9,3.8,65.4,14.3
48453002449,Census Tract 24.49; Travis County; Texas,89.2,52.2,20.5,77.6,5.4
48453002450,Census Tract 24.50; Travis County; Texas,79.3,60.9,10.4,76.5,20.3
48453002451,Census Tract 24.51; Travis County; Texas,59.9,67.3,11.6,51.5,78.3
48453002452,Census Tract 24.52; Travis County; Texas,64.4,70.7,5.6,84,22.5
48453002453,Census Tract 24.53; Travis County; Texas,81.6,53.9,5.7,82,9.9
48453002500,Census Tract 25; Travis County; Texas,39,50.3,3.5,39.7,66.5
48453030000,Census Tract 300; Travis County; Texas,28.2,31.2,0,23.6,27.5
48453030100,Census Tract 301; Travis County; Texas,29.7,45.2,4.7,19.5,32.1
48453030200,Census Tract 302; Travis County; Texas,29.2,60.8,0,23.4,50.1
48453030300,Census Tract 303; Travis County; Texas,38.8,56.4,0,45.6,49.4
48453030400,Census Tract 304; Travis County; Texas,38.6,38.3,8.5,38.2,45.8
48453030500,Census Tract 305; Travis County; Texas,35,37.2,0,27.1,44.2
48453030600,Census Tract 306; Travis County; Texas,27.4,48.6,0,22.4,59.8
48453030700,Census Tract 307; Travis County; Texas,19.4,25.6,9.2,12.5,7
48453030800,Census Tract 308; Travis County; Texas,47.9,59.5,5.4,33,86.5
48453030900,Census Tract 309; Travis County; Texas,47,48.4,20.5,47.8,32.4
48453031000,Census Tract 310; Travis County; Texas,34.9,51.5,4.6,40.9,34.6
48453031100,Census Tract 311; Travis County; Texas,34.8,31.5,31.9,35.1,7.2
48453031200,Census Tract 312; Travis County; Texas,29.9,31.1,11.6,25.9,16.5
48453031300,Census Tract 313; Travis County; Texas,35.1,41.8,4.6,35.7,49
48453031400,Census Tract 314; Travis County; Texas,28.6,54.1,25.2,42.2,29
48453031500,Census Tract 315; Travis County; Texas,26.3,40.4,6.3,52.1,23.6
48453031600,Census Tract 316; Travis County; Texas,36.5,37,0,30.9,31.6
48453031700,Census Tract 317; Travis County; Texas,59.5,50.4,48.2,42.7,44.5
48453031800,Census Tract 318; Travis County; Texas,45.3,60.7,16.9,50.9,41.1
48453031900,Census Tract 319; Travis County; Texas,39.8,41.6,2.9,40.8,27
48453032000,Census Tract 320; Travis County; Texas,41.3,53.8,0,39.9,68.6
48453032100,Census Tract 321; Travis County; Texas,44.5,61.7,0,30.2,65.7
48453032200,Census Tract 322; Travis County; Texas,23.6,28.9,10.1,12.3,8.8
48453032300,Census Tract 323; Travis County; Texas,61,86.1,0,35.3,95.4
48453032400,Census Tract 324; Travis County; Texas,52.3,64.6,0,30.4,100
48453032500,Census Tract 325; Travis County; Texas,36.7,50.6,2.5,33.8,50.3
48453032600,Census Tract 326; Travis County; Texas,48.9,11,1.1,19.2,4
48453032700,Census Tract 327; Travis County; Texas,32.3,35.5,0,27.1,26.9
48453032800,Census Tract 328; Travis County; Texas,36.8,44.5,3.2,32.4,44.6
48453032900,Census Tract 329; Travis County; Texas,29.4,32.2,5.1,27.4,32.7
48453033000,Census Tract 330; Travis County; Texas,30.6,48.4,5.8,46.2,42.1
48453033100,Census Tract 331; Travis County; Texas,15.4,28.3,7.4,34.1,3.2
48453033200,Census Tract 332; Travis County; Texas,66.6,36.7,0,55.5,16.9
48453033300,Census Tract 333; Travis County; Texas,37.4,17.3,2.3,26.1,7.3
48453033400,Census Tract 334; Travis County; Texas,51.3,52,1.5,45.9,24.7
48453033500,Census Tract 335; Travis County; Texas,37.4,50.3,8.6,35.1,33.6
48453033600,Census Tract 336; Travis County; Texas,25.1,23.7,0,33,12.3
48453033700,Census Tract 337; Travis County; Texas,47.1,29.7,0,30.4,26.2
48453033800,Census Tract 338; Travis County; Texas,55.2,24.4,1.3,23.3,6.2
48453033900,Census Tract 339; Travis County; Texas,29.1,23,0,22,9.2
48453034000,Census Tract 340; Travis County; Texas,50.7,37.1,1.3,20.8,40.3
48453034100,Census Tract 341; Travis County; Texas,68.9,54.5,4.9,36.2,82.6
48453034200,Census Tract 342; Travis County; Texas,52.5,49.1,7.8,31.3,89.1
48453034300,Census Tract 343; Travis County; Texas,56,4.3,0,12.2,3.2
48453034400,Census Tract 344; Travis County; Texas,31.3,75.3,0,47.1,81.5
48453034500,Census Tract 345; Travis County; Texas,22.4,29.3,19.2,30.7,0
48453034600,Census Tract 346; Travis County; Texas,44.5,69.4,19.3,48.2,93
48453034700,Census Tract 347; Travis County; Texas,36,37.5,1.1,24.3,33.2
48453034800,Census Tract 348; Travis County; Texas,45.4,24.4,0,24.2,25.5
48453034900,Census Tract 349; Travis County; Texas,18.2,19,0.3,19.4,13.5
48453035000,Census Tract 350; Travis County; Texas,37.9,36.9,1.2,36.3,43.1
48453035100,Census Tract 351; Travis County; Texas,39.3,19,6.5,18.4,20.2
48453035200,Census Tract 352; Travis County; Texas,26.6,38,2.3,46.2,8.4
48453035300,Census Tract 353; Travis County; Texas,16.4,34.2,0,45.9,20.2
48453035400,Census Tract 354; Travis County; Texas,22.8,11.6,0.9,18,8.2
48453035500,Census Tract 355; Travis County; Texas,15.4,11.9,2.1,27.8,5.1
48453035600,Census Tract 356; Travis County; Texas,31.1,39.5,6.1,52.9,23.7
48453035700,Census Tract 357; Travis County; Texas,29.9,16.8,6.7,22.7,8.2
48453035800,Census Tract 358; Travis County; Texas,42.7,37,7.6,24.1,37.2
48453035900,Census Tract 359; Travis County; Texas,15.4,49,8.7,64.7,4
48453036000,Census Tract 360; Travis County; Texas,27.7,13.6,0,33.5,6.1
48453036100,Census Tract 361; Travis County; Texas,47.1,9.7,0,28.4,2.3
48453036200,Census Tract 362; Travis County; Texas,60.3,10.7,0,25.1,3.6
48453036300,Census Tract 363; Travis County; Texas,60.4,78.5,1.3,76.2,7
48453036400,Census Tract 364; Travis County; Texas,19.9,34.2,0,56.9,2.8
48453036500,Census Tract 365; Travis County; Texas,30.4,15.9,1.1,22.4,4.1
48453036600,Census Tract 366; Travis County; Texas,20,37.9,5.9,39.3,17.4
48453036700,Census Tract 367; Travis County; Texas,44.2,8.8,0.5,10.1,12.1
48453036800,Census Tract 368; Travis County; Texas,21.4,26.8,0,19.4,3.3
48453036900,Census Tract 369; Travis County; Texas,15.6,36.8,3,25.5,7.9
48453037000,Census Tract 370; Travis County; Texas,30.5,44.8,0,29.8,40.1
48453037100,Census Tract 371; Travis County; Texas,33,20,0.7,36.9,9.7
48453037200,Census Tract 372; Travis County; Texas,45.9,31.7,5.3,41,12.7
48453037300,Census Tract 373; Travis County; Texas,49.7,53.5,12.3,62.5,13.7
48453037400,Census Tract 374; Travis County; Texas,18.8,49.5,13.9,51.3,15.5
48453037500,Census Tract 375; Travis County; Texas,12.6,47.4,18.2,62,11.1
48453037600,Census Tract 376; Travis County; Texas,20.6,42,3.9,47.8,5
48453040000,Census Tract 400; Travis County; Texas,71.2,72.2,8.6,55.9,80.1
48453040100,Census Tract 401; Travis County; Texas,74.8,78.9,44.7,72.4,70.1
48453040200,Census Tract 402; Travis County; Texas,77.9,75.9,37.9,68.4,71.6
48453040300,Census Tract 403; Travis County; Texas,87,80.8,40.6,72.4,74.3
48453040400,Census Tract 404; Travis County; Texas,35.6,58.6,0,30.8,39.3
48453040500,Census Tract 405; Travis County; Texas,63.2,65.6,40.8,54.7,46.2
48453040600,Census Tract 406; Travis County; Texas,83.4,80.9,42.9,69.5,80.2
48453040700,Census Tract 407; Travis County; Texas,88.8,87.4,63.1,82.7,84.8
48453040800,Census Tract 408; Travis County; Texas,63.6,48.8,52.2,59.4,48.8
48453040900,Census Tract 409; Travis County; Texas,74.3,72.1,35.6,63.3,70.6
48453041000,Census Tract 410; Travis County; Texas,88.2,72.1,39.9,76.7,79.9
48453041100,Census Tract 411; Travis County; Texas,43.1,51,0,42.3,31.9
48453041200,Census Tract 412; Travis County; Texas,52.4,63.2,3.5,48.2,82.9
48453041300,Census Tract 413; Travis County; Texas,32.9,43.9,6.4,35.3,26.8
48453041400,Census Tract 414; Travis County; Texas,25.6,63.3,10.2,35.3,62.8
48453041500,Census Tract 415; Travis County; Texas,60.3,59.5,25.3,65.6,58.2
48453041600,Census Tract 416; Travis County; Texas,71.3,69.9,0,67.5,43.6
48453041700,Census Tract 417; Travis County; Texas,59.8,44.9,0,45.9,22.8
48453041800,Census Tract 418; Travis County; Texas,56.8,69.5,4.1,64.7,66.3
48453041900,Census Tract 419; Travis County; Texas,50.2,61.8,0,43.8,42.7
48453042000,Census Tract 420; Travis County; Texas,37.3,31.2,12.8,27.8,9
48453042100,Census Tract 421; Travis County; Texas,61.2,58.4,0,50,55.6
48453042200,Census Tract 422; Travis County; Texas,63.7,79.9,15.6,50.4,84.5
48453042300,Census Tract 423; Travis County; Texas,54.4,44.3,22.6,35.6,29.6
48453042400,Census Tract 424; Travis County; Texas,58.5,38.1,9.7,40.9,14.7
48453042500,Census Tract 425; Travis County; Texas,64.3,36,0,51.8,17
48453042600,Census Tract 426; Travis County; Texas,61.2,79.1,24.1,76.8,53.6
48453042700,Census Tract 427; Travis County; Texas,56.6,42.6,3.1,56.9,15.5
48453042800,Census Tract 428; Travis County; Texas,60.4,37.8,12.8,59.6,43
48453042900,Census Tract 429; Travis County; Texas,73.4,95,56.8,75.4,98.8
48453043000,Census Tract 430; Travis County; Texas,60.1,71.7,0,57.9,87.1
48453043100,Census Tract 431; Travis County; Texas,86.2,82.3,37.5,65.5,61.4
48453043200,Census Tract 432; Travis County; Texas,75.8,80,22.8,74.6,77.2
48453043300,Census Tract 433; Travis County; Texas,89.5,83.5,33.8,74,74
48453043400,Census Tract 434; Travis County; Texas,72.9,81.4,38,65,89.8
48453043500,Census Tract 435; Travis County; Texas,65.5,51.1,19.5,49.4,54.5
48453043600,Census Tract 436; Travis County; Texas,69,65.6,0,69,67.9
48453043700,Census Tract 437; Travis County; Texas,68.1,43.6,47.6,43.4,75.3
48453043800,Census Tract 438; Travis County; Texas,71.7,48.1,0,55.1,26.8
48453043900,Census Tract 439; Travis County; Texas,75.1,61.6,40.7,53.2,66.2
48453044000,Census Tract 440; Travis County; Texas,61,63.9,37.2,61.6,67.8
48453044100,Census Tract 441; Travis County; Texas,71.2,55.9,40.6,59.2,57.2
48453044200,Census Tract 442; Travis County; Texas,80.4,75.2,0,55.3,79.1
48453044300,Census Tract 443; Travis County; Texas,81.9,48.6,15.2,53.6,35
48453044400,Census Tract 444; Travis County; Texas,79.4,41.6,0,68.9,27.9
48453044500,Census Tract 445; Travis County; Texas,73.3,52.5,1.6,79,14.3
48453044600,Census Tract 446; Travis County; Texas,81,62.7,17.2,63.1,4.9
48453044700,Census Tract 447; Travis County; Texas,68.8,67.5,0,88.7,29.8
48453044800,Census Tract 448; Travis County; Texas,71.4,60.7,19.3,82.1,23.6
48453044900,Census Tract 449; Travis County; Texas,85.7,66.2,51.5,81.4,28.8
48453045000,Census Tract 450; Travis County; Texas,78.4,58.1,0,50.4,49
48453045100,Census Tract 451; Travis County; Texas,41.9,46.9,8.2,47.9,68.7
48453045200,Census Tract 452; Travis County; Texas,59.3,42.4,0,38.6,45.9
48453045300,Census Tract 453; Travis County; Texas,53.8,73.2,0,29.4,97.3
48453045400,Census Tract 454; Travis County; Texas,53.9,50.9,0,32.2,100
48453045500,Census Tract 455; Travis County; Texas,45,68.3,30,66.9,78.9
48453045600,Census Tract 456; Travis County; Texas,66.3,37.6,0,30.7,46.9
48453045700,Census Tract 457; Travis County; Texas,53.8,55.2,41.3,45.8,59.5
48453045800,Census Tract 458; Travis County; Texas,79.8,58.5,53.5,83.3,7.7
48453045900,Census Tract 459; Travis County; Texas,83,49.9,7.3,69,9.6
48453046000,Census Tract 460; Travis County; Texas,71.2,59.9,0,68.5,46.2
48453046100,Census Tract 461; Travis County; Texas,59,30.9,1.2,55.6,38
48453046200,Census Tract 462; Travis County; Texas,63.7,29.5,2.4,49.3,38.9
48453046300,Census Tract 463; Travis County; Texas,56.6,36.5,37.7,47,19.5
48453046400,Census Tract 464; Travis County; Texas,68.3,41.2,0,56.1,38.7
48453046500,Census Tract 465; Travis County; Texas,59.1,62.3,14.7,52.1,63.2
48453046600,Census Tract 466; Travis County; Texas,78,15,0.7,59.1,4.7
48453046700,Census Tract 467; Travis County; Texas,48,34.2,7.6,39.4,11.3
48453046800,Census Tract 468; Travis County; Texas,57.5,22.5,2,51.2,15.4
48453046900,Census Tract 469; Travis County; Texas,47.5,33.9,0,45.7,21.3
48453047000,Census Tract 470; Travis County; Texas,43.9,19.4,0,63.9,4.9
48453980000,Census Tract 9800; Travis County; Texas,NA,NA,NA,NA,NA
48491020106,Census Tract 201.06; Williamson County; Texas,18.6,31.7,14.3,42.5,5.5
48491020108,Census Tract 201.08; Williamson County; Texas,13.9,50.4,0,51.6,27.4
48491020109,Census Tract 201.09; Williamson County; Texas,26.2,32.8,0,43.4,10.5
48491020111,Census Tract 201.11; Williamson County; Texas,26.1,58,3.7,48,15.4
48491020113,Census Tract 201.13; Williamson County; Texas,42.2,68.4,32.3,70.8,67.2
48491020114,Census Tract 201.14; Williamson County; Texas,40.9,68.3,9,70.9,58.3
48491020115,Census Tract 201.15; Williamson County; Texas,21.3,30.5,1,43.6,15.5
48491020116,Census Tract 201.16; Williamson County; Texas,8,65.3,NA,40.2,3.5
48491020117,Census Tract 201.17; Williamson County; Texas,5.9,65.6,0,39.8,12.2
48491020118,Census Tract 201.18; Williamson County; Texas,6.4,46.5,0,39.9,11.4
48491020119,Census Tract 201.19; Williamson County; Texas,13.6,52.8,0,43.9,5.5
48491020120,Census Tract 201.20; Williamson County; Texas,38.5,29.5,1,44,12.1
48491020121,Census Tract 201.21; Williamson County; Texas,20.1,24.5,0,26.9,28.1
48491020122,Census Tract 201.22; Williamson County; Texas,15.3,18.9,0,45.5,3.1
48491020123,Census Tract 201.23; Williamson County; Texas,29.5,56.9,0,49.6,45.6
48491020124,Census Tract 201.24; Williamson County; Texas,14.3,17.8,0,34.2,6.9
48491020201,Census Tract 202.01; Williamson County; Texas,32.5,59,4.4,66.7,18.9
48491020203,Census Tract 202.03; Williamson County; Texas,9.1,51.6,0,43.8,4.6
48491020205,Census Tract 202.05; Williamson County; Texas,21.4,32.7,0.2,60.9,4.8
48491020206,Census Tract 202.06; Williamson County; Texas,30.9,47,12.8,79.6,20
48491020207,Census Tract 202.07; Williamson County; Texas,30.2,29.5,1.8,57,13.8
48491020208,Census Tract 202.08; Williamson County; Texas,21.9,53.8,0,63.9,14.8
48491020310,Census Tract 203.10; Williamson County; Texas,43.8,26.5,1.6,35.7,15.4
48491020311,Census Tract 203.11; Williamson County; Texas,58.9,45.4,18.9,35.4,66.3
48491020319,Census Tract 203.19; Williamson County; Texas,40.9,25.1,1.1,52.2,21.2
48491020321,Census Tract 203.21; Williamson County; Texas,41.1,72.1,5.4,87,42
48491020323,Census Tract 203.23; Williamson County; Texas,32.5,52.7,1.7,64.6,53.1
48491020325,Census Tract 203.25; Williamson County; Texas,50.3,65.9,9.9,69.4,39.6
48491020326,Census Tract 203.26; Williamson County; Texas,31.2,19.9,2.8,37.8,9.3
48491020327,Census Tract 203.27; Williamson County; Texas,39.7,52.9,11.3,69.1,26.5
48491020329,Census Tract 203.29; Williamson County; Texas,48.5,33.9,10.9,54.4,17.8
48491020330,Census Tract 203.30; Williamson County; Texas,28.7,34.6,0,51.7,15.8
48491020331,Census Tract 203.31; Williamson County; Texas,46.7,40.9,1.2,55.1,26.5
48491020332,Census Tract 203.32; Williamson County; Texas,56.2,54,6.9,58.3,28.5
48491020333,Census Tract 203.33; Williamson County; Texas,52.1,29.6,0,45.9,15.6
48491020334,Census Tract 203.34; Williamson County; Texas,40,59.8,9.9,50.2,74.1
48491020335,Census Tract 203.35; Williamson County; Texas,36,39.2,0,48.3,17.9
48491020336,Census Tract 203.36; Williamson County; Texas,47.5,51,16.3,51.1,48
48491020337,Census Tract 203.37; Williamson County; Texas,20.8,20.6,0,51.4,5.2
48491020338,Census Tract 203.38; Williamson County; Texas,54.5,25,6.4,43.6,17.5
48491020339,Census Tract 203.39; Williamson County; Texas,57,36.9,0,50.5,49.7
48491020340,Census Tract 203.40; Williamson County; Texas,45.4,28.6,3.4,49.7,18.8
48491020341,Census Tract 203.41; Williamson County; Texas,55.6,44.4,15.4,60.9,38.8
48491020342,Census Tract 203.42; Williamson County; Texas,50.1,26.7,10.1,53.7,11.3
48491020343,Census Tract 203.43; Williamson County; Texas,45.7,51.5,14.4,59,33.4
48491020344,Census Tract 203.44; Williamson County; Texas,43.6,43.8,9.3,50.7,40.1
48491020345,Census Tract 203.45; Williamson County; Texas,57.4,23.6,0,26.4,24
48491020346,Census Tract 203.46; Williamson County; Texas,65,39,0,52.9,49.2
48491020347,Census Tract 203.47; Williamson County; Texas,40.6,38.6,3.2,39.3,37.9
48491020348,Census Tract 203.48; Williamson County; Texas,44.4,56.8,3,34.8,64.3
48491020349,Census Tract 203.49; Williamson County; Texas,48.7,58.2,10.5,55.2,44.6
48491020350,Census Tract 203.50; Williamson County; Texas,44.9,32.1,11,34.7,27.4
48491020351,Census Tract 203.51; Williamson County; Texas,24,37.3,1.8,53.9,10.5
48491020352,Census Tract 203.52; Williamson County; Texas,33.8,49.7,0,45.4,45.1
48491020353,Census Tract 203.53; Williamson County; Texas,29.7,47.6,0,62.2,44.5
48491020354,Census Tract 203.54; Williamson County; Texas,37.5,28.8,10.2,51.6,31.2
48491020355,Census Tract 203.55; Williamson County; Texas,53.3,36.6,0,26.1,38.2
48491020356,Census Tract 203.56; Williamson County; Texas,19.1,57.9,42.9,53,64
48491020403,Census Tract 204.03; Williamson County; Texas,46.2,63.5,0,59.3,35.3
48491020404,Census Tract 204.04; Williamson County; Texas,34.7,32.8,0,46.8,19.1
48491020405,Census Tract 204.05; Williamson County; Texas,44.9,51.1,0,53.1,64.7
48491020406,Census Tract 204.06; Williamson County; Texas,40.2,72.7,0,39.5,86.9
48491020408,Census Tract 204.08; Williamson County; Texas,54.3,55.4,2.5,43.6,64.6
48491020409,Census Tract 204.09; Williamson County; Texas,48.4,50.6,0,47.3,58.2
48491020410,Census Tract 204.10; Williamson County; Texas,48.1,60.8,7.4,42.4,52.7
48491020411,Census Tract 204.11; Williamson County; Texas,44.8,39.5,5.5,22.9,34.8
48491020503,Census Tract 205.03; Williamson County; Texas,28.5,41.5,0,42.9,11.3
48491020505,Census Tract 205.05; Williamson County; Texas,26.5,24.4,0,26.4,2.6
48491020507,Census Tract 205.07; Williamson County; Texas,55.3,47.7,14.1,46,48.4
48491020508,Census Tract 205.08; Williamson County; Texas,58.1,58,0.6,43.6,80.8
48491020509,Census Tract 205.09; Williamson County; Texas,54.1,13.4,1.2,30.4,14.4
48491020511,Census Tract 205.11; Williamson County; Texas,77.8,57.2,5,73.4,58.6
48491020512,Census Tract 205.12; Williamson County; Texas,68.6,72.2,23.7,56.1,80.2
48491020513,Census Tract 205.13; Williamson County; Texas,81.5,73.5,0,62.3,96.7
48491020514,Census Tract 205.14; Williamson County; Texas,38.2,31.1,1,35.6,15.4
48491020515,Census Tract 205.15; Williamson County; Texas,48.8,36.7,4.3,48.2,22.1
48491020516,Census Tract 205.16; Williamson County; Texas,76.1,13,1.6,17.9,10.5
48491020517,Census Tract 205.17; Williamson County; Texas,49.4,29.8,0,39.2,29.2
48491020602,Census Tract 206.02; Williamson County; Texas,48,37.3,15,57.4,21.3
48491020604,Census Tract 206.04; Williamson County; Texas,45.3,32.3,3.4,41,20.4
48491020606,Census Tract 206.06; Williamson County; Texas,33.9,17.9,9,20.4,1
48491020607,Census Tract 206.07; Williamson County; Texas,46.1,10.8,3.1,26.5,6.7
48491020608,Census Tract 206.08; Williamson County; Texas,31.9,22.8,1.9,44.6,18.2
48491020609,Census Tract 206.09; Williamson County; Texas,30.4,17.7,1,41.4,6.8
48491020701,Census Tract 207.01; Williamson County; Texas,71.9,83.4,16.5,83.4,75.4
48491020704,Census Tract 207.04; Williamson County; Texas,72.5,80.3,31.2,82.6,66.2
48491020706,Census Tract 207.06; Williamson County; Texas,29,17.3,0.6,27.7,7.6
48491020707,Census Tract 207.07; Williamson County; Texas,59.9,49,16,62.3,41
48491020709,Census Tract 207.09; Williamson County; Texas,43.6,60.7,44.9,68.3,59.3
48491020710,Census Tract 207.10; Williamson County; Texas,70.3,55.3,36.3,51.5,57.6
48491020711,Census Tract 207.11; Williamson County; Texas,37.4,30.4,6.9,44.8,23.9
48491020712,Census Tract 207.12; Williamson County; Texas,57.7,38.7,35.6,58.5,24.7
48491020713,Census Tract 207.13; Williamson County; Texas,57.1,44.8,6.9,55.3,31.3
48491020808,Census Tract 208.08; Williamson County; Texas,51,67.3,22,78.2,23.9
48491020810,Census Tract 208.10; Williamson County; Texas,56.9,32.6,0,69.1,13.9
48491020811,Census Tract 208.11; Williamson County; Texas,44,34,1.9,68,21.4
48491020812,Census Tract 208.12; Williamson County; Texas,59.5,40.1,9.4,58.9,28.6
48491020813,Census Tract 208.13; Williamson County; Texas,47.9,33.6,12.4,71.1,17.8
48491020814,Census Tract 208.14; Williamson County; Texas,39,19.2,0.6,42.4,6.9
48491020815,Census Tract 208.15; Williamson County; Texas,20.4,21.5,7.2,45.3,2.9
48491020816,Census Tract 208.16; Williamson County; Texas,44.9,48.5,1.4,55.2,38.2
48491020817,Census Tract 208.17; Williamson County; Texas,57.2,17.7,7.4,50.8,8.7
48491020818,Census Tract 208.18; Williamson County; Texas,54.5,25.5,2.1,41.9,14.3
48491020819,Census Tract 208.19; Williamson County; Texas,28.1,24.4,0,39.3,1.3
48491020820,Census Tract 208.20; Williamson County; Texas,51,27.9,3.4,62,18.6
48491020821,Census Tract 208.21; Williamson County; Texas,49.1,41,11.3,55.8,14.9
48491020822,Census Tract 208.22; Williamson County; Texas,44.9,59.2,13,69.5,27.4
48491020900,Census Tract 209; Williamson County; Texas,32.6,48.1,6,70.8,13.4
48491021000,Census Tract 210; Williamson County; Texas,80.7,71.4,29,87.1,35.8
48491021100,Census Tract 211; Williamson County; Texas,65.4,77.3,4.7,77.3,28
48491021201,Census Tract 212.01; Williamson County; Texas,32.1,57.1,13.7,81.6,3.8
48491021202,Census Tract 212.02; Williamson County; Texas,41.8,61.9,3.3,76.2,18.8
48491021203,Census Tract 212.03; Williamson County; Texas,57.7,81.2,7.4,90.6,52.5
48491021300,Census Tract 213; Williamson County; Texas,45.1,64.7,19.6,81,11.1
48491021402,Census Tract 214.02; Williamson County; Texas,51.3,77.5,19.5,73.6,67
48491021404,Census Tract 214.04; Williamson County; Texas,48.5,34.2,0,65.9,11.7
48491021405,Census Tract 214.05; Williamson County; Texas,47.3,50.3,10.4,61.6,31.9
48491021406,Census Tract 214.06; Williamson County; Texas,43.2,36.1,13.1,54,28.7
48491021407,Census Tract 214.07; Williamson County; Texas,54.8,42.5,7.4,62.8,32.4
48491021502,Census Tract 215.02; Williamson County; Texas,74.4,75.8,27.5,71.1,40.8
48491021503,Census Tract 215.03; Williamson County; Texas,58.3,79,7,79.2,65.8
48491021506,Census Tract 215.06; Williamson County; Texas,54.3,30.9,5.5,55.1,26.9
48491021509,Census Tract 215.09; Williamson County; Texas,67,42.4,1.5,46.6,37.7
48491021510,Census Tract 215.10; Williamson County; Texas,60.2,34.1,0,38.6,48.9
48491021511,Census Tract 215.11; Williamson County; Texas,46.1,33.6,10.9,64.8,23.8
48491021512,Census Tract 215.12; Williamson County; Texas,46.1,54.6,6.8,58.8,37
48491021513,Census Tract 215.13; Williamson County; Texas,64.4,86.1,0,63.3,98.7
48491021514,Census Tract 215.14; Williamson County; Texas,50.8,57.7,2.6,55.9,82.1
48491021515,Census Tract 215.15; Williamson County; Texas,49.7,38.8,5.3,59.7,37
48491021516,Census Tract 215.16; Williamson County; Texas,53.3,80.4,0,70.9,67.8
48491021517,Census Tract 215.17; Williamson County; Texas,46.1,55.8,1.2,77.6,49.1
48491021518,Census Tract 215.18; Williamson County; Texas,73.3,43.8,36.2,72.8,23.7
48491021601,Census Tract 216.01; Williamson County; Texas,49.9,56.3,14.6,81.1,24.7
48491021602,Census Tract 216.02; Williamson County; Texas,32,51.4,4,68.1,19.1
48491021603,Census Tract 216.03; Williamson County; Texas,40.3,43.5,4.6,73.2,14.1
